source_id,title,short_title,authority,domain,subdomain,jurisdiction,country,document_type,source_url,download_url,language,publication_date,enactment_date,effective_date,version,status,access_type,license_notes,local_path,retrieved_at,sha256,file_size_bytes,content_available,notes
IND-PAT-ACT-1970,"The Patents Act, 1970",Patents Act,Government of India / IP India,PATENT,PATENT_LAW,INDIA,India,ACT,https://ipindia.gov.in/resource/patents-resources-act,https://ipindia.gov.in/storage/uploads/docs-operator/73b5bf10-b04e-4f45-abef-87ff117315dc.pdf,en,,1970-09-19,1978-04-01,Incorporating amendments till 2024-08-01,VERIFIED,PUBLIC,Official legal text; Gazette prevails,dataset/raw/india_code/patents/patents_act_1970.pdf,2026-08-29T00:00:00+05:30,d57084888c69d70b16ed6a52a612363a526994203effa58880a26faaaa6e0678,665996,true,Verified official IP India PDF
IND-PAT-RULES-2003,"The Patents Rules, 2003",Patents Rules,Government of India / India Code,PATENT,PATENT_RULES,INDIA,India,RULES,https://www.indiacode.nic.in/handle/123456789/1392,https://upload.indiacode.nic.in/showfile?actid=AC_CEN_11_61_00002_197039_1517807321764&filename=The-Patents-Rules-2003-Updated-till-23-June-2017.pdf&type=rule,en,2003-05-02,,2003-05-02,Updated through 2017-06-23,REQUIRES_MANUAL_DOWNLOAD,PUBLIC,Official e-version; Gazette prevails,dataset/raw/india_code/patents/patents_rules_2003.pdf,,6a4cb5d764af3692958899adb98b47a38ff378884bee2ebfc2d61d8a2d8f5ef1,2931217,true,Official India Code upload endpoint timed out and IP India candidates were incomplete or wrong; legacy chunks retained with warning
IND-TM-ACT-1999,"The Trade Marks Act, 1999",Trade Marks Act,Government of India / IP India,TRADEMARK,TRADEMARK_LAW,INDIA,India,ACT,https://ipindia.gov.in/trade-marks-resources-act,https://ipindia.gov.in/storage/uploads/docs-operator/c9e8a57e-bc94-4b93-8518-6e8729c976bf.pdf,en,,1999-12-30,,Official IP India publication,VERIFIED,PUBLIC,Official legal text; Gazette prevails,dataset/raw/india_code/trademarks/trade_marks_act_1999.pdf,2026-08-29T00:00:00+05:30,07aa58f3262a4d764c087577b2d49c7de0f4f49a392818aa9bc38c0dba620f1f,246049,true,Verified official IP India PDF
IND-TM-RULES-2017,"The Trade Marks Rules, 2017",Trade Marks Rules,Government of India / IP India,TRADEMARK,TRADEMARK_RULES,INDIA,India,RULES,https://ipindia.gov.in/trade-marks-resources-rules,https://ipindia.gov.in/storage/uploads/docs-operator/f558da2b-ff4f-46bb-9f26-80d7ff16eba9.pdf,en,2017-03-06,,2017-03-06,Official IP India publication,VERIFIED,PUBLIC,Official legal text; Gazette prevails,dataset/raw/india_code/trademarks/trade_marks_rules_2017.pdf,2026-08-29T00:00:00+05:30,b858aa6874a4373be03b1ee3a7a926f9f7b79dc7a15dbffdc2109cf6c3a33e92,1933219,true,Verified official IP India PDF
IND-GI-ACT-1999,"The Geographical Indications of Goods (Registration and Protection) Act, 1999",GI Act,Government of India / IP India,GI,GI_LAW,INDIA,India,ACT,https://ipindia.gov.in/page-content/geographical-indications-act-1999,https://ipindia.gov.in/page-content/geographical-indications-act-1999,en,,1999-12-30,,Official IP India HTML text,VERIFIED,PUBLIC,Official legal text; Gazette prevails,dataset/raw/india_code/gi/gi_act_1999.html,2026-08-29T00:00:00+05:30,1b55c886639e5b2434cefe9e48914dddd01cb18303cc0bdc4ca9c6ae3825c68f,283248,true,Verified official IP India HTML text
IND-GI-RULES-2002,"The Geographical Indications of Goods (Registration and Protection) Rules, 2002",GI Rules,Government of India / IP India,GI,GI_RULES,INDIA,India,RULES,https://ipindia.gov.in/geographical-indications-resources-rules,https://ipindia.gov.in/storage/uploads/docs-operator/c22590d2-e1ad-41c6-af6c-f29253810b2c.pdf,en,2002-03-08,,2003-09-15,Official IP India publication,VERIFIED,PUBLIC,Official legal text; Gazette prevails,dataset/raw/india_code/gi/gi_rules_2002.pdf,2026-08-29T00:00:00+05:30,61f79666a010ec619de7b1317607143ef570505ba36210d5f87b3236d9fe3450,229668,true,Verified official IP India PDF
IND-CR-ACT-1957,"The Copyright Act, 1957",Copyright Act,Government of India / IP India,COPYRIGHT,COPYRIGHT_LAW,INDIA,India,ACT,https://ipindia.gov.in/copyright-resources-act,https://ipindia.gov.in/storage/uploads/docs-operator/910cd3b9-98b0-4713-bbd8-db4d02f95d1c.pdf,en,,1957-06-04,,Official IP India publication,VERIFIED,PUBLIC,Official legal text; Gazette prevails,dataset/raw/india_code/copyright/copyright_act_1957.pdf,2026-08-29T00:00:00+05:30,8c70b510270272bde44cc0a48809a4af2ff282d26b5da627b57e49d7a3738e54,956958,true,Verified official IP India PDF
IND-DES-ACT-2000,"The Designs Act, 2000",Designs Act,Government of India / IP India,DESIGN,DESIGN_LAW,INDIA,India,ACT,https://ipindia.gov.in/the-designs-act-2000,https://ipindia.gov.in/the-designs-act-2000,en,,2000-05-25,,Official IP India HTML text,VERIFIED,PUBLIC,Official legal text; Gazette prevails,dataset/raw/india_code/designs/designs_act_2000.html,2026-08-29T00:00:00+05:30,71344c6d470a5627b9ea05cb29ea76360993d8d8ea3a7c01aabfed5313a7f902,208098,true,Verified official IP India HTML text
IND-DES-RULES-2001,"The Designs Rules, 2001",Designs Rules,Government of India / IP India,DESIGN,DESIGN_RULES,INDIA,India,RULES,https://ipindia.gov.in/acts/designs-rules-2001,https://ipindia.gov.in/acts/designs-rules-2001,en,2001-05-11,,2001-05-11,Official IP India HTML text,VERIFIED,PUBLIC,Official legal text; Gazette prevails,dataset/raw/india_code/designs/designs_rules_2001.html,2026-08-29T00:00:00+05:30,ee45508947035c084ec953c6635cf09812c8c9ecc9c28883e4227e2d27205cdc,265319,true,Verified official IP India HTML text
IND-PPV-ACT-2001,"The Protection of Plant Varieties and Farmers' Rights Act, 2001",Plant Varieties Act,Protection of Plant Varieties and Farmers' Rights Authority,PLANT_VARIETY,PLANT_VARIETY_LAW,INDIA,India,ACT,https://plantauthority.gov.in/acts-rules,https://plantauthority.gov.in/sites/default/files/ppvfract2001.pdf,en,,2001-10-30,,Official PPVFR Authority publication,VERIFIED,PUBLIC,Official legal text; Gazette prevails,dataset/raw/india_code/ppvfr/ppvfr_act_2001.pdf,2026-08-29T00:00:00+05:30,24873381a20faead56285b48a7eb898586fd46e90b0cbb77dd515ab38921806e,178955,true,Verified official PPVFR Authority PDF
IND-PPV-RULES-2003,"The Protection of Plant Varieties and Farmers' Rights Rules, 2003",PPVFR Rules,Protection of Plant Varieties and Farmers' Rights Authority,PLANT_VARIETY,PLANT_VARIETY_RULES,INDIA,India,RULES,https://plantauthority.gov.in/acts-rules,https://plantauthority.gov.in/sites/default/files/ppvfrarules2003.pdf,en,2003-09-12,,2003-09-12,Official PPVFR Authority publication,VERIFIED,PUBLIC,Official legal text; Gazette prevails,dataset/raw/india_code/ppvfr/ppvfr_rules_2003.pdf,2026-08-29T00:00:00+05:30,d0c1d6cd792deafae225e92524480fd54063aa453eecfd2ce05e20e88a212e25,233865,true,Verified official PPVFR Authority PDF
IND-BD-ACT-2002,"The Biological Diversity Act, 2002",Biodiversity Act,Government of India / WIPO Lex,ABS,BIODIVERSITY_LAW,INDIA,India,ACT,https://www.indiacode.nic.in/handle/123456789/18553,https://www.wipo.int/wipolex/en/text/185798,en,,2003-02-05,,Original Act text as hosted by WIPO Lex,VERIFIED_WITH_CAVEAT,PUBLIC,Official legal text; Gazette prevails,dataset/raw/india_code/biodiversity/biological_diversity_act_2002.html,2026-08-29T00:00:00+05:30,52248d2135c5ea5d9c1dfe4e563ba17da07347387cd10c93cc50f837e463276c,168065,true,Verified full original Act text; 2023 consolidated India Code direct file still not resolved
IND-BD-AMEND-2023,"The Biological Diversity (Amendment) Act, 2023",Biodiversity Amendment,Ministry of Environment Forest and Climate Change,ABS,BIODIVERSITY_LAW,INDIA,India,AMENDMENT_ACT,https://moef.gov.in/,https://moef.gov.in/storage/tender/Biological-Diversity-Amendment-Act-2023%20%283%29.pdf,en,2023-08-03,2023-08-03,,Official MoEFCC publication,VERIFIED,PUBLIC,Official public material,dataset/raw/nba/biological_diversity_amendment_act_2023.pdf,2026-08-29T00:00:00+05:30,03af902a2b3ea88b100b60cf59e7ae067fa25f9d445368b9078dce1ad8a53892,217544,true,Verified official MoEFCC PDF
IND-BD-RULES-2024,"The Biological Diversity Rules, 2024",Biodiversity Rules,Government of India / India Code,ABS,ABS_RULES,INDIA,India,RULES,https://indiacode.ecourtsindia.com/rules/07592f36/,https://indiacode.gov.in/server/api/core/bitstreams/ae725e60-8d4e-4c16-98e1-bfe28af7e248/content,en,2024-10-22,,2024-10-22,Official India Code source PDF,VERIFIED,PUBLIC,Official public material,dataset/raw/nba/biological_diversity_rules_2024.pdf,2026-08-29T00:00:00+05:30,ef8a2bfb84d6dde43d53e1dc750d8b0701a255d4897dccfb9aa2d26ada6615a1,2470317,true,Verified official India Code source PDF
IND-FSS-AA-2022,"Food Safety and Standards (Ayurveda Aahara) Regulations, 2022",Ayurveda Aahara Regulations,Food Safety and Standards Authority of India,FOOD,AYURVEDA_AAHARA,INDIA,India,REGULATION,https://www.fssai.gov.in/,https://fssai.gov.in/upload/notifications/2022/05/62789a20b54bdGazette_Notification_Ayurveda_Aahara_09_05_2022.pdf,en,2022-05-09,,2022-05-09,Original gazette notification,QUARANTINED_INVALID_SOURCE,PUBLIC,Official Gazette notification hosted by FSSAI,dataset/raw/fssai/ayurveda_aahara/ayurveda_aahara_regulations_2022.pdf,,977eecb464a93ab215639c31263d685c99842d222eaecc89d27606b28cedee58,418630,true,"Amendments must be tracked separately. Correct mapping: this is the 2022 Regulations, not the 2025 Order. Current local file is an invalid non-PDF placeholder and remains quarantined."
IND-AYUSH-2024,Ayush in India 2024,Ayush in India,Ministry of Ayush,AYURVEDA,OFFICIAL_STATISTICS,INDIA,India,REPORT,https://ayush.gov.in/,https://ayush.gov.in/assets/pdf/whatsnew/Approved-Ayush-in-India-2024-Single.pdf,en,2025-01-01,,,2024 edition,VERIFIED,PUBLIC,Official ministry publication,dataset/raw/ayush/ayush_in_india_2024.pdf,2026-08-29T00:00:00+05:30,a82908deb4f9f2b4b940823f1bbf292396e566f78dcf7d432fc2065985e52b40,9700190,true,Verified official Ministry of Ayush PDF
IND-AYUSH-AR-2024-25,Ministry of Ayush Annual Report 2024-25,Ayush Annual Report,Ministry of Ayush,AYURVEDA,POLICY_AND_STANDARDS,INDIA,India,REPORT,https://ayush.gov.in/,https://ayush.gov.in/assets/pdf/annualReport/Annual-Report24-25_English.pdf,en,2025-01-01,,,2024-25,VERIFIED,PUBLIC,Official ministry publication,dataset/raw/ayush/annual_report_2024_25.pdf,2026-08-29T00:00:00+05:30,5f7ef5c0dc71c4bb77e6a4f2c88732be1c914db25de46086ded1fcb71526b2bd,13394044,true,Verified official Ministry of Ayush PDF; not a pharmacopoeial monograph
IND-TKDL-REGISTRY,Traditional Knowledge Digital Library,TKDL,CSIR / Ministry of Ayush,TKDL,TRADITIONAL_KNOWLEDGE,INDIA,India,RESTRICTED_DATABASE,https://www.tkdl.res.in/,,en,,,,Current service,RESTRICTED,RESTRICTED,Do not scrape or bypass access controls,dataset/raw/tkdl/,,,,false,Registry metadata only
INT-TRIPS-1994,Agreement on Trade-Related Aspects of Intellectual Property Rights,TRIPS,World Trade Organization / WIPO Lex,INTERNATIONAL,MULTILATERAL_IP,INTERNATIONAL,,TREATY,https://www.wto.org/english/docs_e/legal_e/27-trips_01_e.htm,https://www.wipo.int/wipolex/en/text/305907,en,1994-04-15,,1995-01-01,Official WTO text mirrored by WIPO Lex,VERIFIED_WITH_CAVEAT,PUBLIC,Official WTO treaty text; WTO page notes reproduced text caveat,dataset/raw/wipo/trips_agreement.html,2026-08-29T00:00:00+05:30,d67ea702afcfdc67e0dff4ac15de32ff0f27045152b70c52a5f5de99f9479262,129089,true,Verified full WIPO Lex HTML because WTO legal page is not directly ingestible as a complete article text
INT-WIPO-PARIS,Paris Convention for the Protection of Industrial Property,Paris Convention,World Intellectual Property Organization,INTERNATIONAL,INDUSTRIAL_PROPERTY,INTERNATIONAL,,TREATY,https://www.wipo.int/en/web/treaties/ip/paris/index,https://www.wipo.int/wipolex/en/text/287556,en,1883-03-20,1883-03-20,,As amended 1979,VERIFIED,PUBLIC,Official WIPO treaty text,dataset/raw/wipo/paris_convention.pdf,2026-08-29T00:00:00+05:30,57b56e8aec7c7d302300ec115e9bd8792d8adcfda063be7341dfd42cc53d3b73,113792,true,Verified official WIPO Lex PDF via stable wrapper page
INT-WIPO-PCT,Patent Cooperation Treaty,PCT,World Intellectual Property Organization,INTERNATIONAL,PATENT_COOPERATION,INTERNATIONAL,,TREATY,https://www.wipo.int/en/web/pct-system/texts/index,https://www.wipo.int/wipolex/en/text/288637,en,1970-06-19,1970-06-19,1978-01-24,In force from 2002-04-01,VERIFIED,PUBLIC,Official WIPO treaty text,dataset/raw/wipo/pct.pdf,2026-08-29T00:00:00+05:30,5a406afd0c360749d3af10e3d403dd679e5c371a61004c799283543c61fd08a6,592082,true,Verified official WIPO Lex PDF via stable wrapper page
INT-WIPO-MADRID,Protocol Relating to the Madrid Agreement Concerning the International Registration of Marks,Madrid Protocol,World Intellectual Property Organization,INTERNATIONAL,TRADEMARK_REGISTRATION,INTERNATIONAL,,TREATY,https://www.wipo.int/en/web/treaties/registration/madrid_protocol/index,https://www.wipo.int/wipolex/en/text/283484,en,1989-06-27,1989-06-27,1995-12-01,Amended 2007-11-12,VERIFIED,PUBLIC,Official WIPO treaty text,dataset/raw/wipo/madrid_protocol.html,2026-08-29T00:00:00+05:30,e5148cd03eccc5524a7f3c142085f4b34681e61107d0f1595ea350039a4427b2,96131,true,Verified official WIPO Lex HTML text
INT-WIPO-HAGUE,Hague Agreement Concerning the International Registration of Industrial Designs,Hague Agreement,World Intellectual Property Organization,INTERNATIONAL,DESIGN_REGISTRATION,INTERNATIONAL,,TREATY,https://www.wipo.int/en/web/treaties/registration/hague/index,,en,1925-11-06,1925-11-06,,Official current page,DISCOVERED,PUBLIC,Official WIPO treaty text,dataset/raw/wipo/hague_agreement.pdf,,,,false,Direct PDF pending discovery
INT-WIPO-BUDAPEST,Budapest Treaty on the International Recognition of the Deposit of Microorganisms for the Purposes of Patent Procedure,Budapest Treaty,World Intellectual Property Organization,INTERNATIONAL,PATENT_PROCEDURE,INTERNATIONAL,,TREATY,https://www.wipo.int/en/web/treaties/registration/budapest/index,https://www.wipo.int/wipolex/en/text/283784,en,1977-04-28,1977-04-28,1980-08-19,Amended 1980-09-26,VERIFIED,PUBLIC,Official WIPO treaty text,dataset/raw/wipo/budapest_treaty.html,2026-08-29T00:00:00+05:30,b32b6b4716d9cfb10e47e5110a830059280cb02cc5ec2b79b59deb599f1469a8,78461,true,Verified official WIPO Lex HTML text
INT-WIPO-GRATK-2024,WIPO Treaty on Intellectual Property Genetic Resources and Associated Traditional Knowledge,WIPO GRATK Treaty,World Intellectual Property Organization,INTERNATIONAL,GENETIC_RESOURCES_TK,INTERNATIONAL,,TREATY,https://www.wipo.int/en/web/traditional-knowledge/wipo-treaty-on-ip-gr-and-associated-tk,https://www.wipo.int/wipolex/en/text/592504,en,2024-05-24,2024-05-24,,Adopted; entry into force pending,VERIFIED,PUBLIC,Official WIPO treaty text,dataset/raw/wipo/gratk_treaty.html,2026-08-29T00:00:00+05:30,92d66b12d349426f53f2192518757372424587096972cd19e3e6ed451f1fe304,28775,true,Verified official WIPO Lex HTML text; do not imply treaty is in force
IND-CR-RULES-2013,"The Copyright Rules, 2013",Copyright Rules,Government of India,COPYRIGHT,COPYRIGHT_RULES,INDIA,India,RULES,https://copyright.gov.in/Copyright_Rules_2013/index.html,,en,2013-03-14,,2013-03-14,Official chapter index,REQUIRES_INGESTION_REPAIR,PUBLIC,Official rules,dataset/raw/india_code/copyright/copyright_rules_2013.pdf,2026-08-29T00:00:00+05:30,ffd844f0ba5ab18fafa347f6bc46b04e1394623c9b8a29d4dde90339eb655c5b,464133,true,Official site exposes chapterized HTML index but no single verified raw artifact; legacy chunks retained with warning
IND-FSS-AA-ORDER-2025,Ayurveda Aahara Order dated 25 July 2025,Ayurveda Aahara Order 2025,Food Safety and Standards Authority of India,FOOD,AYURVEDA_AAHARA,INDIA,India,ORDER,https://www.fssai.gov.in/,,en,2025-07-25,,2025-07-25,Order dated 25-07-2025,PROCESSED,PUBLIC,Official FSSAI Order,dataset/raw/fssai/ayurveda_aahara/ayurveda_aahara_order_2025.pdf,2026-08-28T07:23:14.982578+00:00,498d6f579357e7bb8e8d7b9f7741db5863f6eea8d29ffd559ff9add7d32d7edc,9881569,true,Official FSSAI Order dated 25 July 2025 enclosing Ayurveda Aahara; previously mis-mapped as IND-FSS-AA-2022
